"source","epi_week","state_name","cases_count"
"https://github.com/fbranda/measles/blob/main/USA/bulletins/Yale%20VMOC%20Special%20Report%20-%20Measles%20Outbreak/YSPH%20VMOC%20Special%20Report%20-%20Measles%20Outbreak%20%20Southwest%20US%207-13-2025.pdf",2025-02-09,"New Mexico",14
"https://github.com/fbranda/measles/blob/main/USA/bulletins/Yale%20VMOC%20Special%20Report%20-%20Measles%20Outbreak/YSPH%20VMOC%20Special%20Report%20-%20Measles%20Outbreak%20%20Southwest%20US%207-13-2025.pdf",2025-02-16,"New Mexico",6
"https://github.com/fbranda/measles/blob/main/USA/bulletins/Yale%20VMOC%20Special%20Report%20-%20Measles%20Outbreak/YSPH%20VMOC%20Special%20Report%20-%20Measles%20Outbreak%20%20Southwest%20US%207-13-2025.pdf",2025-02-23,"New Mexico",8
"https://github.com/fbranda/measles/blob/main/USA/bulletins/Yale%20VMOC%20Special%20Report%20-%20Measles%20Outbreak/YSPH%20VMOC%20Special%20Report%20-%20Measles%20Outbreak%20%20Southwest%20US%207-13-2025.pdf",2025-03-02,"New Mexico",6
"https://github.com/fbranda/measles/blob/main/USA/bulletins/Yale%20VMOC%20Special%20Report%20-%20Measles%20Outbreak/YSPH%20VMOC%20Special%20Report%20-%20Measles%20Outbreak%20%20Southwest%20US%207-13-2025.pdf",2025-03-09,"New Mexico",6
"https://github.com/fbranda/measles/blob/main/USA/bulletins/Yale%20VMOC%20Special%20Report%20-%20Measles%20Outbreak/YSPH%20VMOC%20Special%20Report%20-%20Measles%20Outbreak%20%20Southwest%20US%207-13-2025.pdf",2025-03-16,"New Mexico",3
"https://github.com/fbranda/measles/blob/main/USA/bulletins/Yale%20VMOC%20Special%20Report%20-%20Measles%20Outbreak/YSPH%20VMOC%20Special%20Report%20-%20Measles%20Outbreak%20%20Southwest%20US%207-13-2025.pdf",2025-03-23,"New Mexico",6
"https://github.com/fbranda/measles/blob/main/USA/bulletins/Yale%20VMOC%20Special%20Report%20-%20Measles%20Outbreak/YSPH%20VMOC%20Special%20Report%20-%20Measles%20Outbreak%20%20Southwest%20US%207-13-2025.pdf",2025-03-30,"New Mexico",10
"https://github.com/fbranda/measles/blob/main/USA/bulletins/Yale%20VMOC%20Special%20Report%20-%20Measles%20Outbreak/YSPH%20VMOC%20Special%20Report%20-%20Measles%20Outbreak%20%20Southwest%20US%207-13-2025.pdf",2025-04-06,"New Mexico",5
"https://github.com/fbranda/measles/blob/main/USA/bulletins/Yale%20VMOC%20Special%20Report%20-%20Measles%20Outbreak/YSPH%20VMOC%20Special%20Report%20-%20Measles%20Outbreak%20%20Southwest%20US%207-13-2025.pdf",2025-04-13,"New Mexico",1
"https://github.com/fbranda/measles/blob/main/USA/bulletins/Yale%20VMOC%20Special%20Report%20-%20Measles%20Outbreak/YSPH%20VMOC%20Special%20Report%20-%20Measles%20Outbreak%20%20Southwest%20US%207-13-2025.pdf",2025-04-20,"New Mexico",2
"https://github.com/fbranda/measles/blob/main/USA/bulletins/Yale%20VMOC%20Special%20Report%20-%20Measles%20Outbreak/YSPH%20VMOC%20Special%20Report%20-%20Measles%20Outbreak%20%20Southwest%20US%207-13-2025.pdf",2025-04-27,"New Mexico",5
"https://github.com/fbranda/measles/blob/main/USA/bulletins/Yale%20VMOC%20Special%20Report%20-%20Measles%20Outbreak/YSPH%20VMOC%20Special%20Report%20-%20Measles%20Outbreak%20%20Southwest%20US%207-13-2025.pdf",2025-05-04,"New Mexico",3
"https://github.com/fbranda/measles/blob/main/USA/bulletins/Yale%20VMOC%20Special%20Report%20-%20Measles%20Outbreak/YSPH%20VMOC%20Special%20Report%20-%20Measles%20Outbreak%20%20Southwest%20US%207-13-2025.pdf",2025-05-11,"New Mexico",2
"https://github.com/fbranda/measles/blob/main/USA/bulletins/Yale%20VMOC%20Special%20Report%20-%20Measles%20Outbreak/YSPH%20VMOC%20Special%20Report%20-%20Measles%20Outbreak%20%20Southwest%20US%207-13-2025.pdf",2025-05-18,"New Mexico",2
"https://github.com/fbranda/measles/blob/main/USA/bulletins/Yale%20VMOC%20Special%20Report%20-%20Measles%20Outbreak/YSPH%20VMOC%20Special%20Report%20-%20Measles%20Outbreak%20%20Southwest%20US%207-13-2025.pdf",2025-05-25,"New Mexico",2
"https://github.com/fbranda/measles/blob/main/USA/bulletins/Yale%20VMOC%20Special%20Report%20-%20Measles%20Outbreak/YSPH%20VMOC%20Special%20Report%20-%20Measles%20Outbreak%20%20Southwest%20US%207-13-2025.pdf",2025-06-01,"New Mexico",0
"https://github.com/fbranda/measles/blob/main/USA/bulletins/Yale%20VMOC%20Special%20Report%20-%20Measles%20Outbreak/YSPH%20VMOC%20Special%20Report%20-%20Measles%20Outbreak%20%20Southwest%20US%207-13-2025.pdf",2025-06-08,"New Mexico",0
"https://github.com/fbranda/measles/blob/main/USA/bulletins/Yale%20VMOC%20Special%20Report%20-%20Measles%20Outbreak/YSPH%20VMOC%20Special%20Report%20-%20Measles%20Outbreak%20%20Southwest%20US%207-13-2025.pdf",2025-06-15,"New Mexico",7
"https://github.com/fbranda/measles/blob/main/USA/bulletins/Yale%20VMOC%20Special%20Report%20-%20Measles%20Outbreak/YSPH%20VMOC%20Special%20Report%20-%20Measles%20Outbreak%20%20Southwest%20US%207-13-2025.pdf",2025-06-22,"New Mexico",7
"https://github.com/fbranda/measles/blob/main/USA/bulletins/Yale%20VMOC%20Special%20Report%20-%20Measles%20Outbreak/YSPH%20VMOC%20Special%20Report%20-%20Measles%20Outbreak%20%20Southwest%20US%207-13-2025.pdf",2025-06-29,"New Mexico",0
